sep_num,sep_den,sep,kept,stored,total,gamma_rtol,h5_bytes,jld
1,32,0.03125,1987,1987,4000,1e-12,6370102506,32x32x32__32x32x32__1ss32__RS.jld
1,16,0.0625,1978,1978,4000,1e-12,6370102506,32x32x32__32x32x32__1ss16__RS.jld
3,32,0.09375,1968,1968,4000,1e-12,6370102506,32x32x32__32x32x32__3ss32__RS.jld
1,8,0.125,1960,1960,4000,1e-12,6370102506,32x32x32__32x32x32__1ss8__RS.jld
5,32,0.15625,1953,1953,4000,1e-12,6370102506,32x32x32__32x32x32__5ss32__RS.jld
3,16,0.1875,1946,1946,4000,1e-12,6370102506,32x32x32__32x32x32__3ss16__RS.jld
7,32,0.21875,1939,1939,4000,1e-12,6370102506,32x32x32__32x32x32__7ss32__RS.jld
1,4,0.25,578,1863,4000,1e-12,6370102506,32x32x32__32x32x32__1ss4__RS.jld
9,32,0.28125,491,1975,4000,1e-12,6370102506,32x32x32__32x32x32__9ss32__RS.jld
5,16,0.3125,423,1892,4000,1e-12,6370102506,32x32x32__32x32x32__5ss16__RS.jld
11,32,0.34375,374,1806,4000,1e-12,6370102506,32x32x32__32x32x32__11ss32__RS.jld
3,8,0.375,333,1900,4000,1e-12,6370102506,32x32x32__32x32x32__3ss8__RS.jld
13,32,0.40625,305,1967,4000,1e-12,6370102506,32x32x32__32x32x32__13ss32__RS.jld
7,16,0.4375,277,322,4000,1e-12,1012927722,32x32x32__32x32x32__7ss16__RS.jld
15,32,0.46875,251,1857,4000,1e-12,6370102506,32x32x32__32x32x32__15ss32__RS.jld
1,2,0.5,233,1851,4000,1e-12,6370102506,32x32x32__32x32x32__1ss2__RS.jld
17,32,0.53125,217,2006,4000,1e-12,6370102506,32x32x32__32x32x32__17ss32__RS.jld
9,16,0.5625,205,2076,4000,1e-12,8493468906,32x32x32__32x32x32__9ss16__RS.jld
19,32,0.59375,188,1876,4000,1e-12,6370102506,32x32x32__32x32x32__19ss32__RS.jld
5,8,0.625,181,1955,4000,1e-12,6370102506,32x32x32__32x32x32__5ss8__RS.jld
21,32,0.65625,168,1831,4000,1e-12,6370102506,32x32x32__32x32x32__21ss32__RS.jld
11,16,0.6875,162,1924,4000,1e-12,6370102506,32x32x32__32x32x32__11ss16__RS.jld
23,32,0.71875,155,203,4000,1e-12,638586090,32x32x32__32x32x32__23ss32__RS.jld
3,4,0.75,146,1767,4000,1e-12,6370102506,32x32x32__32x32x32__3ss4__RS.jld
25,32,0.78125,142,1958,4000,1e-12,6370102506,32x32x32__32x32x32__25ss32__RS.jld
13,16,0.8125,134,1956,4000,1e-12,6370102506,32x32x32__32x32x32__13ss16__RS.jld
27,32,0.84375,127,1937,4000,1e-12,6370102506,32x32x32__32x32x32__27ss32__RS.jld
7,8,0.875,123,1894,4000,1e-12,6370102506,32x32x32__32x32x32__7ss8__RS.jld
29,32,0.90625,122,1861,4000,1e-12,6370102506,32x32x32__32x32x32__29ss32__RS.jld
15,16,0.9375,116,1999,4000,1e-12,6370102506,32x32x32__32x32x32__15ss16__RS.jld
31,32,0.96875,109,2001,4000,1e-12,6370102506,32x32x32__32x32x32__31ss32__RS.jld
1,1,1,108,2029,4000,1e-12,8493468906,32x32x32__32x32x32__1ss1__RS.jld
33,32,1.03125,107,1801,4000,1e-12,6370102506,32x32x32__32x32x32__33ss32__RS.jld
17,16,1.0625,103,1939,4000,1e-12,6370102506,32x32x32__32x32x32__17ss16__RS.jld
35,32,1.09375,98,1914,4000,1e-12,6370102506,32x32x32__32x32x32__35ss32__RS.jld
9,8,1.125,95,1905,4000,1e-12,6370102506,32x32x32__32x32x32__9ss8__RS.jld
37,32,1.15625,95,2083,4000,1e-12,8493468906,32x32x32__32x32x32__37ss32__RS.jld
19,16,1.1875,92,1828,4000,1e-12,6370102506,32x32x32__32x32x32__19ss16__RS.jld
39,32,1.21875,89,1879,4000,1e-12,6370102506,32x32x32__32x32x32__39ss32__RS.jld
41,32,1.28125,84,1914,4000,1e-12,6370102506,32x32x32__32x32x32__41ss32__RS.jld
21,16,1.3125,82,2013,4000,1e-12,6370102506,32x32x32__32x32x32__21ss16__RS.jld
43,32,1.34375,82,1906,4000,1e-12,6370102506,32x32x32__32x32x32__43ss32__RS.jld
45,32,1.40625,78,1920,4000,1e-12,6370102506,32x32x32__32x32x32__45ss32__RS.jld
23,16,1.4375,76,111,4000,1e-12,349179114,32x32x32__32x32x32__23ss16__RS.jld
47,32,1.46875,76,1826,4000,1e-12,6370102506,32x32x32__32x32x32__47ss32__RS.jld
49,32,1.53125,71,1943,4000,1e-12,6370102506,32x32x32__32x32x32__49ss32__RS.jld
25,16,1.5625,68,1873,4000,1e-12,6370102506,32x32x32__32x32x32__25ss16__RS.jld
13,8,1.625,67,1719,4000,1e-12,6370102506,32x32x32__32x32x32__13ss8__RS.jld
27,16,1.6875,67,1730,4000,1e-12,6370102506,32x32x32__32x32x32__27ss16__RS.jld
55,32,1.71875,67,1889,4000,1e-12,6370102506,32x32x32__32x32x32__55ss32__RS.jld
57,32,1.78125,63,1760,4000,1e-12,6370102506,32x32x32__32x32x32__57ss32__RS.jld
59,32,1.84375,62,1863,4000,1e-12,6370102506,32x32x32__32x32x32__59ss32__RS.jld
61,32,1.90625,62,1841,4000,1e-12,6370102506,32x32x32__32x32x32__61ss32__RS.jld
31,16,1.9375,59,1920,4000,1e-12,6370102506,32x32x32__32x32x32__31ss16__RS.jld
2,1,2,56,1871,4000,1e-12,6370102506,32x32x32__32x32x32__2ss1__RS.jld
33,16,2.0625,54,1778,4000,1e-12,6370102506,32x32x32__32x32x32__33ss16__RS.jld
17,8,2.125,54,2078,4000,1e-12,8493468906,32x32x32__32x32x32__17ss8__RS.jld
71,32,2.21875,51,1838,4000,1e-12,6370102506,32x32x32__32x32x32__71ss32__RS.jld
73,32,2.28125,50,1886,4000,1e-12,6370102506,32x32x32__32x32x32__73ss32__RS.jld
75,32,2.34375,50,1828,4000,1e-12,6370102506,32x32x32__32x32x32__75ss32__RS.jld
77,32,2.40625,50,1870,4000,1e-12,6370102506,32x32x32__32x32x32__77ss32__RS.jld
5,2,2.5,48,1825,4000,1e-12,6370102506,32x32x32__32x32x32__5ss2__RS.jld
41,16,2.5625,48,2000,4000,1e-12,6370102506,32x32x32__32x32x32__41ss16__RS.jld
85,32,2.65625,46,1917,4000,1e-12,6370102506,32x32x32__32x32x32__85ss32__RS.jld
87,32,2.71875,44,1848,4000,1e-12,6370102506,32x32x32__32x32x32__87ss32__RS.jld
45,16,2.8125,44,1812,4000,1e-12,6370102506,32x32x32__32x32x32__45ss16__RS.jld
93,32,2.90625,44,1835,4000,1e-12,6370102506,32x32x32__32x32x32__93ss32__RS.jld
3,1,3,43,1818,4000,1e-12,6370102506,32x32x32__32x32x32__3ss1__RS.jld
99,32,3.09375,39,1857,4000,1e-12,6370102506,32x32x32__32x32x32__99ss32__RS.jld
51,16,3.1875,38,2024,4000,1e-12,6370102506,32x32x32__32x32x32__51ss16__RS.jld
105,32,3.28125,38,1951,4000,1e-12,6370102506,32x32x32__32x32x32__105ss32__RS.jld
27,8,3.375,37,1795,4000,1e-12,6370102506,32x32x32__32x32x32__27ss8__RS.jld
7,2,3.5,37,1958,4000,1e-12,6370102506,32x32x32__32x32x32__7ss2__RS.jld
115,32,3.59375,35,1901,4000,1e-12,6370102506,32x32x32__32x32x32__115ss32__RS.jld
119,32,3.71875,35,1863,4000,1e-12,6370102506,32x32x32__32x32x32__119ss32__RS.jld
61,16,3.8125,35,1814,4000,1e-12,6370102506,32x32x32__32x32x32__61ss16__RS.jld
63,16,3.9375,32,1927,4000,1e-12,6370102506,32x32x32__32x32x32__63ss16__RS.jld
65,16,4.0625,32,1993,4000,1e-12,6370102506,32x32x32__32x32x32__65ss16__RS.jld
67,16,4.1875,32,1853,4000,1e-12,6370102506,32x32x32__32x32x32__67ss16__RS.jld
69,16,4.3125,31,1843,4000,1e-12,6370102506,32x32x32__32x32x32__69ss16__RS.jld
143,32,4.46875,30,1853,4000,1e-12,6370102506,32x32x32__32x32x32__143ss32__RS.jld
147,32,4.59375,30,1843,4000,1e-12,6370102506,32x32x32__32x32x32__147ss32__RS.jld
19,4,4.75,30,1855,4000,1e-12,6370102506,32x32x32__32x32x32__19ss4__RS.jld
39,8,4.875,30,1880,4000,1e-12,6370102506,32x32x32__32x32x32__39ss8__RS.jld
161,32,5.03125,28,1845,4000,1e-12,6370102506,32x32x32__32x32x32__161ss32__RS.jld
83,16,5.1875,26,1967,4000,1e-12,6370102506,32x32x32__32x32x32__83ss16__RS.jld
171,32,5.34375,26,1951,4000,1e-12,6370102506,32x32x32__32x32x32__171ss32__RS.jld
177,32,5.53125,26,1996,4000,1e-12,6370102506,32x32x32__32x32x32__177ss32__RS.jld
91,16,5.6875,24,1942,4000,1e-12,6370102506,32x32x32__32x32x32__91ss16__RS.jld
47,8,5.875,24,1882,4000,1e-12,6370102506,32x32x32__32x32x32__47ss8__RS.jld
97,16,6.0625,24,1826,4000,1e-12,6370102506,32x32x32__32x32x32__97ss16__RS.jld
25,4,6.25,22,1878,4000,1e-12,6370102506,32x32x32__32x32x32__25ss4__RS.jld
103,16,6.4375,22,1924,4000,1e-12,6370102506,32x32x32__32x32x32__103ss16__RS.jld
53,8,6.625,22,1989,4000,1e-12,6370102506,32x32x32__32x32x32__53ss8__RS.jld
219,32,6.84375,22,1861,4000,1e-12,6370102506,32x32x32__32x32x32__219ss32__RS.jld
113,16,7.0625,20,1900,4000,1e-12,6370102506,32x32x32__32x32x32__113ss16__RS.jld
233,32,7.28125,20,1874,4000,1e-12,6370102506,32x32x32__32x32x32__233ss32__RS.jld
15,2,7.5,20,1928,4000,1e-12,6370102506,32x32x32__32x32x32__15ss2__RS.jld
247,32,7.71875,20,1924,4000,1e-12,6370102506,32x32x32__32x32x32__247ss32__RS.jld
255,32,7.96875,20,1883,4000,1e-12,6370102506,32x32x32__32x32x32__255ss32__RS.jld
263,32,8.21875,20,1879,4000,1e-12,6370102506,32x32x32__32x32x32__263ss32__RS.jld
271,32,8.46875,20,1963,4000,1e-12,6370102506,32x32x32__32x32x32__271ss32__RS.jld
35,4,8.75,20,1943,4000,1e-12,6370102506,32x32x32__32x32x32__35ss4__RS.jld
9,1,9,20,1773,4000,1e-12,6370102506,32x32x32__32x32x32__9ss1__RS.jld
297,32,9.28125,20,1909,4000,1e-12,6370102506,32x32x32__32x32x32__297ss32__RS.jld
307,32,9.59375,18,1924,4000,1e-12,6370102506,32x32x32__32x32x32__307ss32__RS.jld
79,8,9.875,18,2045,4000,1e-12,8493468906,32x32x32__32x32x32__79ss8__RS.jld
163,16,10.1875,18,1919,4000,1e-12,6370102506,32x32x32__32x32x32__163ss16__RS.jld
21,2,10.5,17,1758,4000,1e-12,6370102506,32x32x32__32x32x32__21ss2__RS.jld
347,32,10.84375,15,1959,4000,1e-12,6370102506,32x32x32__32x32x32__347ss32__RS.jld
357,32,11.15625,15,2035,4000,1e-12,8493468906,32x32x32__32x32x32__357ss32__RS.jld
23,2,11.5,15,1972,4000,1e-12,6370102506,32x32x32__32x32x32__23ss2__RS.jld
95,8,11.875,14,1894,4000,1e-12,6370102506,32x32x32__32x32x32__95ss8__RS.jld
49,4,12.25,13,1902,4000,1e-12,6370102506,32x32x32__32x32x32__49ss4__RS.jld
101,8,12.625,13,1868,4000,1e-12,6370102506,32x32x32__32x32x32__101ss8__RS.jld
13,1,13,13,1992,4000,1e-12,6370102506,32x32x32__32x32x32__13ss1__RS.jld
429,32,13.40625,13,1923,4000,1e-12,6370102506,32x32x32__32x32x32__429ss32__RS.jld
443,32,13.84375,12,1846,4000,1e-12,6370102506,32x32x32__32x32x32__443ss32__RS.jld
457,32,14.28125,12,1753,4000,1e-12,6370102506,32x32x32__32x32x32__457ss32__RS.jld
471,32,14.71875,12,1911,4000,1e-12,6370102506,32x32x32__32x32x32__471ss32__RS.jld
485,32,15.15625,12,1773,4000,1e-12,6370102506,32x32x32__32x32x32__485ss32__RS.jld
125,8,15.625,12,1901,4000,1e-12,6370102506,32x32x32__32x32x32__125ss8__RS.jld
129,8,16.125,12,1745,4000,1e-12,6370102506,32x32x32__32x32x32__129ss8__RS.jld
133,8,16.625,12,1919,4000,1e-12,6370102506,32x32x32__32x32x32__133ss8__RS.jld
549,32,17.15625,12,1941,4000,1e-12,6370102506,32x32x32__32x32x32__549ss32__RS.jld
283,16,17.6875,12,1863,4000,1e-12,6370102506,32x32x32__32x32x32__283ss16__RS.jld
583,32,18.21875,12,1907,4000,1e-12,6370102506,32x32x32__32x32x32__583ss32__RS.jld
601,32,18.78125,12,1913,4000,1e-12,6370102506,32x32x32__32x32x32__601ss32__RS.jld
155,8,19.375,12,1938,4000,1e-12,6370102506,32x32x32__32x32x32__155ss8__RS.jld
639,32,19.96875,13,1739,4000,1e-12,6370102506,32x32x32__32x32x32__639ss32__RS.jld
659,32,20.59375,12,1818,4000,1e-12,6370102506,32x32x32__32x32x32__659ss32__RS.jld
85,4,21.25,13,1852,4000,1e-12,6370102506,32x32x32__32x32x32__85ss4__RS.jld
701,32,21.90625,13,2036,4000,1e-12,8493468906,32x32x32__32x32x32__701ss32__RS.jld
723,32,22.59375,13,1923,4000,1e-12,6370102506,32x32x32__32x32x32__723ss32__RS.jld
745,32,23.28125,13,1869,4000,1e-12,6370102506,32x32x32__32x32x32__745ss32__RS.jld
24,1,24,12,1955,4000,1e-12,6370102506,32x32x32__32x32x32__24ss1__RS.jld
99,4,24.75,11,1850,4000,1e-12,6370102506,32x32x32__32x32x32__99ss4__RS.jld
817,32,25.53125,12,1835,4000,1e-12,6370102506,32x32x32__32x32x32__817ss32__RS.jld
421,16,26.3125,12,1993,4000,1e-12,6370102506,32x32x32__32x32x32__421ss16__RS.jld
217,8,27.125,11,1882,4000,1e-12,6370102506,32x32x32__32x32x32__217ss8__RS.jld
895,32,27.96875,9,1872,4000,1e-12,6370102506,32x32x32__32x32x32__895ss32__RS.jld
923,32,28.84375,9,1943,4000,1e-12,6370102506,32x32x32__32x32x32__923ss32__RS.jld
119,4,29.75,10,1892,4000,1e-12,6370102506,32x32x32__32x32x32__119ss4__RS.jld
491,16,30.6875,9,1832,4000,1e-12,6370102506,32x32x32__32x32x32__491ss16__RS.jld
253,8,31.625,12,1861,4000,1e-12,6370102506,32x32x32__32x32x32__253ss8__RS.jld
261,8,32.625,12,1936,4000,1e-12,6370102506,32x32x32__32x32x32__261ss8__RS.jld
269,8,33.625,11,1948,4000,1e-12,6370102506,32x32x32__32x32x32__269ss8__RS.jld
1109,32,34.65625,9,1938,4000,1e-12,6370102506,32x32x32__32x32x32__1109ss32__RS.jld
143,4,35.75,10,1908,4000,1e-12,6370102506,32x32x32__32x32x32__143ss4__RS.jld
295,8,36.875,10,1808,4000,1e-12,6370102506,32x32x32__32x32x32__295ss8__RS.jld
38,1,38,10,1802,4000,1e-12,6370102506,32x32x32__32x32x32__38ss1__RS.jld
627,16,39.1875,9,1855,4000,1e-12,6370102506,32x32x32__32x32x32__627ss16__RS.jld
1293,32,40.40625,10,1966,4000,1e-12,6370102506,32x32x32__32x32x32__1293ss32__RS.jld
1333,32,41.65625,13,1907,4000,1e-12,6370102506,32x32x32__32x32x32__1333ss32__RS.jld
1375,32,42.96875,10,1855,4000,1e-12,6370102506,32x32x32__32x32x32__1375ss32__RS.jld
1417,32,44.28125,10,1788,4000,1e-12,6370102506,32x32x32__32x32x32__1417ss32__RS.jld
1461,32,45.65625,13,1874,4000,1e-12,6370102506,32x32x32__32x32x32__1461ss32__RS.jld
1507,32,47.09375,11,1916,4000,1e-12,6370102506,32x32x32__32x32x32__1507ss32__RS.jld
777,16,48.5625,12,1808,4000,1e-12,6370102506,32x32x32__32x32x32__777ss16__RS.jld
801,16,50.0625,12,1789,4000,1e-12,6370102506,32x32x32__32x32x32__801ss16__RS.jld
413,8,51.625,14,1886,4000,1e-12,6370102506,32x32x32__32x32x32__413ss8__RS.jld
1703,32,53.21875,14,1863,4000,1e-12,6370102506,32x32x32__32x32x32__1703ss32__RS.jld
439,8,54.875,16,2029,4000,1e-12,8493468906,32x32x32__32x32x32__439ss8__RS.jld
1811,32,56.59375,15,1790,4000,1e-12,6370102506,32x32x32__32x32x32__1811ss32__RS.jld
1867,32,58.34375,17,1861,4000,1e-12,6370102506,32x32x32__32x32x32__1867ss32__RS.jld
1925,32,60.15625,14,1926,4000,1e-12,6370102506,32x32x32__32x32x32__1925ss32__RS.jld
1985,32,62.03125,16,1941,4000,1e-12,6370102506,32x32x32__32x32x32__1985ss32__RS.jld
2047,32,63.96875,16,1880,4000,1e-12,6370102506,32x32x32__32x32x32__2047ss32__RS.jld
1055,16,65.9375,17,1972,4000,1e-12,6370102506,32x32x32__32x32x32__1055ss16__RS.jld
68,1,68,18,1717,4000,1e-12,6370102506,32x32x32__32x32x32__68ss1__RS.jld
561,8,70.125,18,1838,4000,1e-12,6370102506,32x32x32__32x32x32__561ss8__RS.jld
2313,32,72.28125,19,1816,4000,1e-12,6370102506,32x32x32__32x32x32__2313ss32__RS.jld
2385,32,74.53125,17,1795,4000,1e-12,6370102506,32x32x32__32x32x32__2385ss32__RS.jld
615,8,76.875,21,1903,4000,1e-12,6370102506,32x32x32__32x32x32__615ss8__RS.jld
317,4,79.25,20,1828,4000,1e-12,6370102506,32x32x32__32x32x32__317ss4__RS.jld
2615,32,81.71875,21,1837,4000,1e-12,6370102506,32x32x32__32x32x32__2615ss32__RS.jld
337,4,84.25,20,1797,4000,1e-12,6370102506,32x32x32__32x32x32__337ss4__RS.jld
695,8,86.875,20,2001,4000,1e-12,6370102506,32x32x32__32x32x32__695ss8__RS.jld
1433,16,89.5625,22,1887,4000,1e-12,6370102506,32x32x32__32x32x32__1433ss16__RS.jld
739,8,92.375,20,1797,4000,1e-12,6370102506,32x32x32__32x32x32__739ss8__RS.jld
3047,32,95.21875,20,1764,4000,1e-12,6370102506,32x32x32__32x32x32__3047ss32__RS.jld
1571,16,98.1875,21,1827,4000,1e-12,6370102506,32x32x32__32x32x32__1571ss16__RS.jld
405,4,101.25,23,1810,4000,1e-12,6370102506,32x32x32__32x32x32__405ss4__RS.jld
3341,32,104.40625,21,1777,4000,1e-12,6370102506,32x32x32__32x32x32__3341ss32__RS.jld
861,8,107.625,22,1848,4000,1e-12,6370102506,32x32x32__32x32x32__861ss8__RS.jld
111,1,111,25,1898,4000,1e-12,6370102506,32x32x32__32x32x32__111ss1__RS.jld
1831,16,114.4375,23,1782,4000,1e-12,6370102506,32x32x32__32x32x32__1831ss16__RS.jld
118,1,118,21,1947,4000,1e-12,6370102506,32x32x32__32x32x32__118ss1__RS.jld
3893,32,121.65625,24,1955,4000,1e-12,6370102506,32x32x32__32x32x32__3893ss32__RS.jld
2007,16,125.4375,23,1883,4000,1e-12,6370102506,32x32x32__32x32x32__2007ss16__RS.jld
4139,32,129.34375,24,1815,4000,1e-12,6370102506,32x32x32__32x32x32__4139ss32__RS.jld
1067,8,133.375,24,1835,4000,1e-12,6370102506,32x32x32__32x32x32__1067ss8__RS.jld
4401,32,137.53125,22,1751,4000,1e-12,6370102506,32x32x32__32x32x32__4401ss32__RS.jld
4537,32,141.78125,24,1865,4000,1e-12,6370102506,32x32x32__32x32x32__4537ss32__RS.jld
2339,16,146.1875,22,1995,4000,1e-12,6370102506,32x32x32__32x32x32__2339ss16__RS.jld
603,4,150.75,27,1892,4000,1e-12,6370102506,32x32x32__32x32x32__603ss4__RS.jld
2487,16,155.4375,23,1810,4000,1e-12,6370102506,32x32x32__32x32x32__2487ss16__RS.jld
5129,32,160.28125,23,1780,4000,1e-12,6370102506,32x32x32__32x32x32__5129ss32__RS.jld
661,4,165.25,20,1725,4000,1e-12,6370102506,32x32x32__32x32x32__661ss4__RS.jld
1363,8,170.375,22,1992,4000,1e-12,6370102506,32x32x32__32x32x32__1363ss8__RS.jld
2811,16,175.6875,22,1835,4000,1e-12,6370102506,32x32x32__32x32x32__2811ss16__RS.jld
5797,32,181.15625,21,1882,4000,1e-12,6370102506,32x32x32__32x32x32__5797ss32__RS.jld
5977,32,186.78125,22,1883,4000,1e-12,6370102506,32x32x32__32x32x32__5977ss32__RS.jld
6163,32,192.59375,20,1852,4000,1e-12,6370102506,32x32x32__32x32x32__6163ss32__RS.jld
3177,16,198.5625,21,1955,4000,1e-12,6370102506,32x32x32__32x32x32__3177ss16__RS.jld
819,4,204.75,22,1913,4000,1e-12,6370102506,32x32x32__32x32x32__819ss4__RS.jld
1689,8,211.125,27,1924,4000,1e-12,6370102506,32x32x32__32x32x32__1689ss8__RS.jld
3483,16,217.6875,27,1860,4000,1e-12,6370102506,32x32x32__32x32x32__3483ss16__RS.jld
3591,16,224.4375,20,1757,4000,1e-12,6370102506,32x32x32__32x32x32__3591ss16__RS.jld
3703,16,231.4375,26,1867,4000,1e-12,6370102506,32x32x32__32x32x32__3703ss16__RS.jld
1909,8,238.625,30,1886,4000,1e-12,6370102506,32x32x32__32x32x32__1909ss8__RS.jld
7873,32,246.03125,32,1808,4000,1e-12,6370102506,32x32x32__32x32x32__7873ss32__RS.jld
4059,16,253.6875,22,1885,4000,1e-12,6370102506,32x32x32__32x32x32__4059ss16__RS.jld
8371,32,261.59375,27,2087,4000,1e-12,8493468906,32x32x32__32x32x32__8371ss32__RS.jld
8631,32,269.71875,23,1919,4000,1e-12,6370102506,32x32x32__32x32x32__8631ss32__RS.jld
8899,32,278.09375,20,1975,4000,1e-12,6370102506,32x32x32__32x32x32__8899ss32__RS.jld
1147,4,286.75,28,1765,4000,1e-12,6370102506,32x32x32__32x32x32__1147ss4__RS.jld
9461,32,295.65625,29,1833,4000,1e-12,6370102506,32x32x32__32x32x32__9461ss32__RS.jld
9755,32,304.84375,27,1776,4000,1e-12,6370102506,32x32x32__32x32x32__9755ss32__RS.jld
10059,32,314.34375,24,1825,4000,1e-12,6370102506,32x32x32__32x32x32__10059ss32__RS.jld
10371,32,324.09375,26,1939,4000,1e-12,6370102506,32x32x32__32x32x32__10371ss32__RS.jld
5347,16,334.1875,30,1901,4000,1e-12,6370102506,32x32x32__32x32x32__5347ss16__RS.jld
5513,16,344.5625,28,1908,4000,1e-12,6370102506,32x32x32__32x32x32__5513ss16__RS.jld
11369,32,355.28125,28,1849,4000,1e-12,6370102506,32x32x32__32x32x32__11369ss32__RS.jld
11723,32,366.34375,38,1909,4000,1e-12,6370102506,32x32x32__32x32x32__11723ss32__RS.jld
12087,32,377.71875,29,1889,4000,1e-12,6370102506,32x32x32__32x32x32__12087ss32__RS.jld
12463,32,389.46875,25,1854,4000,1e-12,6370102506,32x32x32__32x32x32__12463ss32__RS.jld
6425,16,401.5625,38,1962,4000,1e-12,6370102506,32x32x32__32x32x32__6425ss16__RS.jld
6625,16,414.0625,31,1828,4000,1e-12,6370102506,32x32x32__32x32x32__6625ss16__RS.jld
6831,16,426.9375,25,1935,4000,1e-12,6370102506,32x32x32__32x32x32__6831ss16__RS.jld
14087,32,440.21875,27,1944,4000,1e-12,6370102506,32x32x32__32x32x32__14087ss32__RS.jld
14525,32,453.90625,25,1966,4000,1e-12,6370102506,32x32x32__32x32x32__14525ss32__RS.jld
468,1,468,39,1947,4000,1e-12,6370102506,32x32x32__32x32x32__468ss1__RS.jld
7721,16,482.5625,41,1852,4000,1e-12,6370102506,32x32x32__32x32x32__7721ss16__RS.jld
7961,16,497.5625,29,2047,4000,1e-12,8493468906,32x32x32__32x32x32__7961ss16__RS.jld
16417,32,513.03125,38,1877,4000,1e-12,6370102506,32x32x32__32x32x32__16417ss32__RS.jld
529,1,529,34,1771,4000,1e-12,6370102506,32x32x32__32x32x32__529ss1__RS.jld
8727,16,545.4375,45,1909,4000,1e-12,6370102506,32x32x32__32x32x32__8727ss16__RS.jld
17997,32,562.40625,33,1958,4000,1e-12,6370102506,32x32x32__32x32x32__17997ss32__RS.jld
4639,8,579.875,41,1976,4000,1e-12,6370102506,32x32x32__32x32x32__4639ss8__RS.jld
19133,32,597.90625,34,1885,4000,1e-12,6370102506,32x32x32__32x32x32__19133ss32__RS.jld
1233,2,616.5,34,1858,4000,1e-12,6370102506,32x32x32__32x32x32__1233ss2__RS.jld
20341,32,635.65625,33,1840,4000,1e-12,6370102506,32x32x32__32x32x32__20341ss32__RS.jld
10487,16,655.4375,22,1832,4000,1e-12,6370102506,32x32x32__32x32x32__10487ss16__RS.jld
10813,16,675.8125,28,1839,4000,1e-12,6370102506,32x32x32__32x32x32__10813ss16__RS.jld
11149,16,696.8125,25,1869,4000,1e-12,6370102506,32x32x32__32x32x32__11149ss16__RS.jld
1437,2,718.5,38,1919,4000,1e-12,6370102506,32x32x32__32x32x32__1437ss2__RS.jld
11853,16,740.8125,47,1902,4000,1e-12,6370102506,32x32x32__32x32x32__11853ss16__RS.jld
24443,32,763.84375,41,1701,4000,1e-12,6370102506,32x32x32__32x32x32__24443ss32__RS.jld
25203,32,787.59375,48,1906,4000,1e-12,6370102506,32x32x32__32x32x32__25203ss32__RS.jld
25987,32,812.09375,29,1853,4000,1e-12,6370102506,32x32x32__32x32x32__25987ss32__RS.jld
26795,32,837.34375,32,1985,4000,1e-12,6370102506,32x32x32__32x32x32__26795ss32__RS.jld
6907,8,863.375,26,1934,4000,1e-12,6370102506,32x32x32__32x32x32__6907ss8__RS.jld
28487,32,890.21875,38,1833,4000,1e-12,6370102506,32x32x32__32x32x32__28487ss32__RS.jld
29373,32,917.90625,26,1866,4000,1e-12,6370102506,32x32x32__32x32x32__29373ss32__RS.jld
15143,16,946.4375,47,1937,4000,1e-12,6370102506,32x32x32__32x32x32__15143ss16__RS.jld
7807,8,975.875,45,1925,4000,1e-12,6370102506,32x32x32__32x32x32__7807ss8__RS.jld
32199,32,1006.21875,40,1924,4000,1e-12,6370102506,32x32x32__32x32x32__32199ss32__RS.jld
2075,2,1037.5,42,1895,4000,1e-12,6370102506,32x32x32__32x32x32__2075ss2__RS.jld
4279,4,1069.75,40,1814,4000,1e-12,6370102506,32x32x32__32x32x32__4279ss4__RS.jld
35297,32,1103.03125,25,2051,4000,1e-12,8493468906,32x32x32__32x32x32__35297ss32__RS.jld
18197,16,1137.3125,33,1821,4000,1e-12,6370102506,32x32x32__32x32x32__18197ss16__RS.jld
18763,16,1172.6875,38,1985,4000,1e-12,6370102506,32x32x32__32x32x32__18763ss16__RS.jld
9673,8,1209.125,30,1846,4000,1e-12,6370102506,32x32x32__32x32x32__9673ss8__RS.jld
39895,32,1246.71875,29,1828,4000,1e-12,6370102506,32x32x32__32x32x32__39895ss32__RS.jld
2571,2,1285.5,41,1867,4000,1e-12,6370102506,32x32x32__32x32x32__2571ss2__RS.jld
42415,32,1325.46875,37,1777,4000,1e-12,6370102506,32x32x32__32x32x32__42415ss32__RS.jld
21867,16,1366.6875,34,1907,4000,1e-12,6370102506,32x32x32__32x32x32__21867ss16__RS.jld
45093,32,1409.15625,42,1997,4000,1e-12,6370102506,32x32x32__32x32x32__45093ss32__RS.jld
46495,32,1452.96875,45,1894,4000,1e-12,6370102506,32x32x32__32x32x32__46495ss32__RS.jld
47941,32,1498.15625,39,1891,4000,1e-12,6370102506,32x32x32__32x32x32__47941ss32__RS.jld
6179,4,1544.75,40,2026,4000,1e-12,8493468906,32x32x32__32x32x32__6179ss4__RS.jld
50969,32,1592.78125,37,1978,4000,1e-12,6370102506,32x32x32__32x32x32__50969ss32__RS.jld
52553,32,1642.28125,46,2025,4000,1e-12,6370102506,32x32x32__32x32x32__52553ss32__RS.jld
54187,32,1693.34375,46,1876,4000,1e-12,6370102506,32x32x32__32x32x32__54187ss32__RS.jld
1746,1,1746,53,1859,4000,1e-12,6370102506,32x32x32__32x32x32__1746ss1__RS.jld
57609,32,1800.28125,42,1941,4000,1e-12,6370102506,32x32x32__32x32x32__57609ss32__RS.jld
7425,4,1856.25,44,1847,4000,1e-12,6370102506,32x32x32__32x32x32__7425ss4__RS.jld
61247,32,1913.96875,36,1938,4000,1e-12,6370102506,32x32x32__32x32x32__61247ss32__RS.jld
3947,2,1973.5,42,1791,4000,1e-12,6370102506,32x32x32__32x32x32__3947ss2__RS.jld
65115,32,2034.84375,42,1774,4000,1e-12,6370102506,32x32x32__32x32x32__65115ss32__RS.jld
16785,8,2098.125,41,1913,4000,1e-12,6370102506,32x32x32__32x32x32__16785ss8__RS.jld
69227,32,2163.34375,60,1831,4000,1e-12,6370102506,32x32x32__32x32x32__69227ss32__RS.jld
17845,8,2230.625,46,1988,4000,1e-12,6370102506,32x32x32__32x32x32__17845ss8__RS.jld
73599,32,2299.96875,50,1990,4000,1e-12,6370102506,32x32x32__32x32x32__73599ss32__RS.jld
75887,32,2371.46875,59,1862,4000,1e-12,6370102506,32x32x32__32x32x32__75887ss32__RS.jld
78247,32,2445.21875,55,1657,4000,1e-12,6370102506,32x32x32__32x32x32__78247ss32__RS.jld
10085,4,2521.25,43,1808,4000,1e-12,6370102506,32x32x32__32x32x32__10085ss4__RS.jld
20797,8,2599.625,46,1781,4000,1e-12,6370102506,32x32x32__32x32x32__20797ss8__RS.jld
85775,32,2680.46875,49,1701,4000,1e-12,6370102506,32x32x32__32x32x32__85775ss32__RS.jld
44221,16,2763.8125,42,1831,4000,1e-12,6370102506,32x32x32__32x32x32__44221ss16__RS.jld
91191,32,2849.71875,48,2016,4000,1e-12,6370102506,32x32x32__32x32x32__91191ss32__RS.jld
94027,32,2938.34375,61,1866,4000,1e-12,6370102506,32x32x32__32x32x32__94027ss32__RS.jld
48475,16,3029.6875,63,1934,4000,1e-12,6370102506,32x32x32__32x32x32__48475ss16__RS.jld
99965,32,3123.90625,51,1736,4000,1e-12,6370102506,32x32x32__32x32x32__99965ss32__RS.jld
103073,32,3221.03125,56,1864,4000,1e-12,6370102506,32x32x32__32x32x32__103073ss32__RS.jld
106277,32,3321.15625,63,1859,4000,1e-12,6370102506,32x32x32__32x32x32__106277ss32__RS.jld
54791,16,3424.4375,38,1888,4000,1e-12,6370102506,32x32x32__32x32x32__54791ss16__RS.jld
112989,32,3530.90625,43,1860,4000,1e-12,6370102506,32x32x32__32x32x32__112989ss32__RS.jld
58251,16,3640.6875,50,1779,4000,1e-12,6370102506,32x32x32__32x32x32__58251ss16__RS.jld
30031,8,3753.875,52,1786,4000,1e-12,6370102506,32x32x32__32x32x32__30031ss8__RS.jld
123859,32,3870.59375,47,1839,4000,1e-12,6370102506,32x32x32__32x32x32__123859ss32__RS.jld
63855,16,3990.9375,54,1735,4000,1e-12,6370102506,32x32x32__32x32x32__63855ss16__RS.jld
131681,32,4115.03125,57,2052,4000,1e-12,8493468906,32x32x32__32x32x32__131681ss32__RS.jld
135775,32,4242.96875,53,1895,4000,1e-12,6370102506,32x32x32__32x32x32__135775ss32__RS.jld
139997,32,4374.90625,50,1927,4000,1e-12,6370102506,32x32x32__32x32x32__139997ss32__RS.jld
72175,16,4510.9375,64,1937,4000,1e-12,6370102506,32x32x32__32x32x32__72175ss16__RS.jld
74419,16,4651.1875,43,1934,4000,1e-12,6370102506,32x32x32__32x32x32__74419ss16__RS.jld
76733,16,4795.8125,64,1949,4000,1e-12,6370102506,32x32x32__32x32x32__76733ss16__RS.jld
158237,32,4944.90625,66,1813,4000,1e-12,6370102506,32x32x32__32x32x32__158237ss32__RS.jld
163157,32,5098.65625,44,1768,4000,1e-12,6370102506,32x32x32__32x32x32__163157ss32__RS.jld
84115,16,5257.1875,72,1982,4000,1e-12,6370102506,32x32x32__32x32x32__84115ss16__RS.jld
173461,32,5420.65625,52,1851,4000,1e-12,6370102506,32x32x32__32x32x32__173461ss32__RS.jld
89427,16,5589.1875,68,1866,4000,1e-12,6370102506,32x32x32__32x32x32__89427ss16__RS.jld
184415,32,5762.96875,48,1898,4000,1e-12,6370102506,32x32x32__32x32x32__184415ss32__RS.jld
190149,32,5942.15625,65,1876,4000,1e-12,6370102506,32x32x32__32x32x32__190149ss32__RS.jld
196061,32,6126.90625,68,2031,4000,1e-12,8493468906,32x32x32__32x32x32__196061ss32__RS.jld
202157,32,6317.40625,59,2025,4000,1e-12,6370102506,32x32x32__32x32x32__202157ss32__RS.jld
104221,16,6513.8125,71,1792,4000,1e-12,6370102506,32x32x32__32x32x32__104221ss16__RS.jld
214923,32,6716.34375,46,1916,4000,1e-12,6370102506,32x32x32__32x32x32__214923ss32__RS.jld
221605,32,6925.15625,71,1928,4000,1e-12,6370102506,32x32x32__32x32x32__221605ss32__RS.jld
14281,2,7140.5,52,1884,4000,1e-12,6370102506,32x32x32__32x32x32__14281ss2__RS.jld
14725,2,7362.5,68,1894,4000,1e-12,6370102506,32x32x32__32x32x32__14725ss2__RS.jld
242925,32,7591.40625,55,1687,4000,1e-12,6370102506,32x32x32__32x32x32__242925ss32__RS.jld
125239,16,7827.4375,57,1899,4000,1e-12,6370102506,32x32x32__32x32x32__125239ss16__RS.jld
129133,16,8070.8125,74,1909,4000,1e-12,6370102506,32x32x32__32x32x32__129133ss16__RS.jld
33287,4,8321.75,66,1847,4000,1e-12,6370102506,32x32x32__32x32x32__33287ss4__RS.jld
17161,2,8580.5,56,1916,4000,1e-12,6370102506,32x32x32__32x32x32__17161ss2__RS.jld
283113,32,8847.28125,59,1940,4000,1e-12,6370102506,32x32x32__32x32x32__283113ss32__RS.jld
72979,8,9122.375,63,1837,4000,1e-12,6370102506,32x32x32__32x32x32__72979ss8__RS.jld
9406,1,9406,79,1811,4000,1e-12,6370102506,32x32x32__32x32x32__9406ss1__RS.jld
310351,32,9698.46875,67,2044,4000,1e-12,8493468906,32x32x32__32x32x32__310351ss32__RS.jld
10000,1,10000,68,1984,4000,1e-12,6370102506,32x32x32__32x32x32__10000ss1__RS.jld
